id,title,author,alt_titles,alt_authors,year,publisher,contains_ids
dune-1965,Dune,Frank Herbert,,"Herbert, Frank",1965,Chilton Books,
dune-2005,Dune,Frank Herbert,Dune: Deluxe Edition,"Herbert, Frank",2005,Ace,
dune-messiah,Dune Messiah,Frank Herbert,,"Herbert, Frank",1969,Putnam,
children-of-dune,Children of Dune,Frank Herbert,,"Herbert, Frank",1976,Putnam,
hobbit-1937,The Hobbit,J.R.R. Tolkien,"The Hobbit, or There and Back Again","Tolkien, J. R. R.|John Ronald Reuel Tolkien|JRR Tolkien",1937,Allen & Unwin,
hobbit-1997,The Hobbit,J.R.R. Tolkien,The Hobbit Illustrated Edition,"Tolkien, J. R. R.|John Ronald Reuel Tolkien|JRR Tolkien",1997,HarperCollins,
fellowship,The Fellowship of the Ring,J.R.R. Tolkien,The Lord of the Rings Part One,"Tolkien, J. R. R.|John Ronald Reuel Tolkien",1954,Allen & Unwin,
two-towers,The Two Towers,J.R.R. Tolkien,The Lord of the Rings Part Two,"Tolkien, J. R. R.|John Ronald Reuel Tolkien",1954,Allen & Unwin,
return-king,The Return of the King,J.R.R. Tolkien,The Lord of the Rings Part Three,"Tolkien, J. R. R.|John Ronald Reuel Tolkien",1955,Allen & Unwin,
lotr-omnibus,The Lord of the Rings,J.R.R. Tolkien,The Lord of the Rings: One Volume Edition|LOTR,"Tolkien, J. R. R.|John Ronald Reuel Tolkien",1968,HarperCollins,fellowship|two-towers|return-king
silmarillion,The Silmarillion,J.R.R. Tolkien,,"Tolkien, J. R. R.|Christopher Tolkien",1977,Allen & Unwin,
sorcerers-stone,Harry Potter and the Sorcerer's Stone,J.K. Rowling,Harry Potter and the Philosopher's Stone,"Rowling, J. K.|Joanne Rowling|JK Rowling",1997,Scholastic,
chamber-secrets,Harry Potter and the Chamber of Secrets,J.K. Rowling,,"Rowling, J. K.|Joanne Rowling",1998,Bloomsbury,
prisoner-azkaban,Harry Potter and the Prisoner of Azkaban,J.K. Rowling,,"Rowling, J. K.|Joanne Rowling",1999,Bloomsbury,
goblet-fire,Harry Potter and the Goblet of Fire,J.K. Rowling,,"Rowling, J. K.|Joanne Rowling",2000,Bloomsbury,
order-phoenix,Harry Potter and the Order of the Phoenix,J.K. Rowling,,"Rowling, J. K.|Joanne Rowling",2003,Bloomsbury,
half-blood-prince,Harry Potter and the Half-Blood Prince,J.K. Rowling,,"Rowling, J. K.|Joanne Rowling",2005,Bloomsbury,
deathly-hallows,Harry Potter and the Deathly Hallows,J.K. Rowling,,"Rowling, J. K.|Joanne Rowling",2007,Bloomsbury,
northern-lights,Northern Lights,Philip Pullman,The Golden Compass,"Pullman, Philip",1995,Scholastic,
subtle-knife,The Subtle Knife,Philip Pullman,,"Pullman, Philip",1997,Scholastic,
amber-spyglass,The Amber Spyglass,Philip Pullman,,"Pullman, Philip",2000,Scholastic,
hdm-omnibus,His Dark Materials,Philip Pullman,His Dark Materials Trilogy,"Pullman, Philip",2007,Everyman,northern-lights|subtle-knife|amber-spyglass
idiot-dostoevsky,The Idiot,Fyodor Dostoevsky,Idiot,"Dostoevsky, Fyodor|Fyodor Dostoyevsky|F. M. Dostoevsky|Fyodor Dostoevskii",1869,,
idiot-batuman,The Idiot,Elif Batuman,,"Batuman, Elif",2017,Penguin,
crime-punishment,Crime and Punishment,Fyodor Dostoevsky,Prestuplenie i nakazanie,"Dostoevsky, Fyodor|Fyodor Dostoyevsky|Fyodor Dostoevskii",1866,,
brothers-karamazov,The Brothers Karamazov,Fyodor Dostoevsky,The Karamazov Brothers,"Dostoevsky, Fyodor|Fyodor Dostoyevsky",1880,,
notes-underground,Notes from Underground,Fyodor Dostoevsky,Notes from the Underground,"Dostoevsky, Fyodor|Fyodor Dostoyevsky",1864,,
home-morrison,Home,Toni Morrison,,"Morrison, Toni",2012,Knopf,
home-robinson,Home,Marilynne Robinson,,"Robinson, Marilynne",2008,Farrar Straus and Giroux,
beloved,Beloved,Toni Morrison,,"Morrison, Toni",1987,Knopf,
song-of-solomon,Song of Solomon,Toni Morrison,,"Morrison, Toni",1977,Knopf,
gilead,Gilead,Marilynne Robinson,,"Robinson, Marilynne",2004,Farrar Straus and Giroux,
gift-hyde,The Gift,Lewis Hyde,The Gift: Creativity and the Artist in the Modern World,"Hyde, Lewis",1983,Vintage,
gift-mauss,The Gift,Marcel Mauss,Essai sur le don|The Gift: The Form and Reason for Exchange in Archaic Societies,"Mauss, Marcel",1925,,
the-road,The Road,Cormac McCarthy,,"McCarthy, Cormac",2006,Knopf,
road-less-traveled,The Road Less Traveled,M. Scott Peck,The Road Less Travelled,"Peck, M. Scott|Morgan Scott Peck|M Scott Peck",1978,Simon & Schuster,
blood-meridian,Blood Meridian,Cormac McCarthy,"Blood Meridian, or the Evening Redness in the West","McCarthy, Cormac",1985,Random House,
no-country,No Country for Old Men,Cormac McCarthy,,"McCarthy, Cormac",2005,Knopf,
it,It,Stephen King,IT,"King, Stephen",1986,Viking,
the-shining,The Shining,Stephen King,,"King, Stephen",1977,Doubleday,
the-stand,The Stand,Stephen King,The Stand: The Complete and Uncut Edition,"King, Stephen",1978,Doubleday,
misery,Misery,Stephen King,,"King, Stephen",1987,Viking,
on-writing,On Writing,Stephen King,On Writing: A Memoir of the Craft,"King, Stephen",2000,Scribner,
1984-signet,1984,George Orwell,Nineteen Eighty-Four,"Orwell, George|Eric Arthur Blair|Eric Blair",1950,Signet,
1984-penguin,1984,George Orwell,Nineteen Eighty-Four,"Orwell, George|Eric Arthur Blair",2003,Penguin,
animal-farm,Animal Farm,George Orwell,Animal Farm: A Fairy Story,"Orwell, George|Eric Arthur Blair",1945,Secker & Warburg,
gatsby,The Great Gatsby,F. Scott Fitzgerald,,"Fitzgerald, F. Scott|Francis Scott Fitzgerald|F Scott Fitzgerald",1925,Scribner,
tender-night,Tender Is the Night,F. Scott Fitzgerald,,"Fitzgerald, F. Scott|Francis Scott Fitzgerald",1934,Scribner,
hundred-years,One Hundred Years of Solitude,Gabriel García Márquez,Cien años de soledad|A Hundred Years of Solitude,"Garcia Marquez, Gabriel|Gabriel Garcia Marquez|G. García Márquez|Márquez",1967,Harper,
love-cholera,Love in the Time of Cholera,Gabriel García Márquez,El amor en los tiempos del cólera,"Garcia Marquez, Gabriel|Gabriel Garcia Marquez",1985,Knopf,
kafka-shore,Kafka on the Shore,Haruki Murakami,Umibe no Kafuka,"Murakami, Haruki",2002,Knopf,
norwegian-wood,Norwegian Wood,Haruki Murakami,Noruwei no Mori,"Murakami, Haruki",1987,Kodansha,
1q84,1Q84,Haruki Murakami,,"Murakami, Haruki",2009,Knopf,
wind-up-bird,The Wind-Up Bird Chronicle,Haruki Murakami,The Wind Up Bird Chronicle,"Murakami, Haruki",1994,Knopf,
the-trial,The Trial,Franz Kafka,Der Prozess|The Process,"Kafka, Franz",1925,,
metamorphosis,The Metamorphosis,Franz Kafka,Die Verwandlung|Metamorphosis,"Kafka, Franz",1915,,
the-stranger,The Stranger,Albert Camus,The Outsider|L'Étranger,"Camus, Albert",1942,Gallimard,
the-plague,The Plague,Albert Camus,La Peste,"Camus, Albert",1947,Gallimard,
myth-sisyphus,The Myth of Sisyphus,Albert Camus,Le Mythe de Sisyphe,"Camus, Albert",1942,Gallimard,
war-and-peace,War and Peace,Leo Tolstoy,Voyna i mir,"Tolstoy, Leo|Lev Tolstoy|Leo Tolstoi|Lev Nikolayevich Tolstoy",1869,,
anna-karenina,Anna Karenina,Leo Tolstoy,,"Tolstoy, Leo|Lev Tolstoy|Leo Tolstoi",1878,,
lolita,Lolita,Vladimir Nabokov,,"Nabokov, Vladimir|V. Nabokov",1955,Olympia Press,
pale-fire,Pale Fire,Vladimir Nabokov,,"Nabokov, Vladimir",1962,Putnam,
left-hand-darkness,The Left Hand of Darkness,Ursula K. Le Guin,,"Le Guin, Ursula K.|Ursula Le Guin|U. K. Le Guin|Ursula K LeGuin",1969,Ace,
dispossessed,The Dispossessed,Ursula K. Le Guin,,"Le Guin, Ursula K.|Ursula Le Guin",1974,Harper & Row,
wizard-earthsea,A Wizard of Earthsea,Ursula K. Le Guin,,"Le Guin, Ursula K.|Ursula Le Guin",1968,Parnassus,
tombs-atuan,The Tombs of Atuan,Ursula K. Le Guin,,"Le Guin, Ursula K.|Ursula Le Guin",1970,Atheneum,
farthest-shore,The Farthest Shore,Ursula K. Le Guin,,"Le Guin, Ursula K.|Ursula Le Guin",1972,Atheneum,
tehanu,Tehanu,Ursula K. Le Guin,,"Le Guin, Ursula K.|Ursula Le Guin",1990,Atheneum,
earthsea-quartet,The Earthsea Quartet,Ursula K. Le Guin,Earthsea|The Books of Earthsea,"Le Guin, Ursula K.|Ursula Le Guin",1993,Penguin,wizard-earthsea|tombs-atuan|farthest-shore|tehanu
pride-prejudice,Pride and Prejudice,Jane Austen,,"Austen, Jane",1813,,
emma,Emma,Jane Austen,,"Austen, Jane",1815,,
sense-sensibility,Sense and Sensibility,Jane Austen,,"Austen, Jane",1811,,
persuasion,Persuasion,Jane Austen,,"Austen, Jane",1817,,
jane-eyre,Jane Eyre,Charlotte Brontë,Jane Eyre: An Autobiography,"Bronte, Charlotte|Charlotte Bronte|Currer Bell",1847,,
wuthering-heights,Wuthering Heights,Emily Brontë,,"Bronte, Emily|Emily Bronte|Ellis Bell",1847,,
little-women,Little Women,Louisa May Alcott,,"Alcott, Louisa May|L. M. Alcott",1868,,
little-fires,Little Fires Everywhere,Celeste Ng,,"Ng, Celeste",2017,Penguin,
sapiens,Sapiens,Yuval Noah Harari,Sapiens: A Brief History of Humankind,"Harari, Yuval Noah|Yuval Harari",2011,Harper,
homo-deus,Homo Deus,Yuval Noah Harari,Homo Deus: A Brief History of Tomorrow,"Harari, Yuval Noah|Yuval Harari",2015,Harvill Secker,
21-lessons,21 Lessons for the 21st Century,Yuval Noah Harari,Twenty-One Lessons for the 21st Century,"Harari, Yuval Noah",2018,Spiegel & Grau,
thinking-fast-slow,"Thinking, Fast and Slow",Daniel Kahneman,Thinking Fast and Slow,"Kahneman, Daniel",2011,Farrar Straus and Giroux,
atomic-habits,Atomic Habits,James Clear,,"Clear, James",2018,Avery,
educated,Educated,Tara Westover,Educated: A Memoir,"Westover, Tara",2018,Random House,
becoming,Becoming,Michelle Obama,,"Obama, Michelle",2018,Crown,
born-a-crime,Born a Crime,Trevor Noah,Born a Crime: Stories from a South African Childhood,"Noah, Trevor",2016,Spiegel & Grau,
the-alchemist,The Alchemist,Paulo Coelho,O Alquimista,"Coelho, Paulo",1988,HarperOne,
kite-runner,The Kite Runner,Khaled Hosseini,,"Hosseini, Khaled",2003,Riverhead,
splendid-suns,A Thousand Splendid Suns,Khaled Hosseini,,"Hosseini, Khaled",2007,Riverhead,
life-of-pi,Life of Pi,Yann Martel,,"Martel, Yann",2001,Knopf,
the-martian,The Martian,Andy Weir,,"Weir, Andy",2011,Crown,
project-hail-mary,Project Hail Mary,Andy Weir,,"Weir, Andy",2021,Ballantine,
ready-player-one,Ready Player One,Ernest Cline,,"Cline, Ernest",2011,Crown,
hitchhikers,The Hitchhiker's Guide to the Galaxy,Douglas Adams,Hitchhiker's Guide to the Galaxy|The Hitch Hiker's Guide to the Galaxy,"Adams, Douglas",1979,Pan Books,
restaurant-end,The Restaurant at the End of the Universe,Douglas Adams,,"Adams, Douglas",1980,Pan Books,
life-universe,"Life, the Universe and Everything",Douglas Adams,Life the Universe and Everything,"Adams, Douglas",1982,Pan Books,
hitchhikers-omnibus,The Ultimate Hitchhiker's Guide to the Galaxy,Douglas Adams,The Hitchhiker's Guide to the Galaxy: The Complete Trilogy,"Adams, Douglas",1996,Del Rey,hitchhikers|restaurant-end|life-universe
good-omens,Good Omens,Terry Pratchett,Good Omens: The Nice and Accurate Prophecies of Agnes Nutter Witch,"Pratchett, Terry|Neil Gaiman|Terry Pratchett and Neil Gaiman",1990,Gollancz,
american-gods,American Gods,Neil Gaiman,,"Gaiman, Neil",2001,William Morrow,
coraline,Coraline,Neil Gaiman,,"Gaiman, Neil",2002,Bloomsbury,
hunger-games,The Hunger Games,Suzanne Collins,,"Collins, Suzanne",2008,Scholastic,
catching-fire,Catching Fire,Suzanne Collins,,"Collins, Suzanne",2009,Scholastic,
mockingjay,Mockingjay,Suzanne Collins,,"Collins, Suzanne",2010,Scholastic,
game-of-thrones,A Game of Thrones,George R.R. Martin,Game of Thrones,"Martin, George R. R.|George RR Martin|George R R Martin",1996,Bantam,
clash-of-kings,A Clash of Kings,George R.R. Martin,,"Martin, George R. R.|George RR Martin",1998,Bantam,
storm-of-swords,A Storm of Swords,George R.R. Martin,,"Martin, George R. R.|George RR Martin",2000,Bantam,
study-in-scarlet,A Study in Scarlet,Arthur Conan Doyle,,"Doyle, Arthur Conan|Sir Arthur Conan Doyle|A. C. Doyle|Conan Doyle",1887,,
hound-baskervilles,The Hound of the Baskervilles,Arthur Conan Doyle,,"Doyle, Arthur Conan|Sir Arthur Conan Doyle|Conan Doyle",1902,,
sherlock-complete,The Complete Sherlock Holmes,Arthur Conan Doyle,Sherlock Holmes: The Complete Novels and Stories,"Doyle, Arthur Conan|Sir Arthur Conan Doyle",1927,Doubleday,study-in-scarlet|hound-baskervilles
to-kill-mockingbird,To Kill a Mockingbird,Harper Lee,,"Lee, Harper|Nelle Harper Lee",1960,Lippincott,
catcher-rye,The Catcher in the Rye,J.D. Salinger,,"Salinger, J. D.|Jerome David Salinger|JD Salinger",1951,Little Brown,
slaughterhouse-five,Slaughterhouse-Five,Kurt Vonnegut,Slaughterhouse Five|Slaughterhouse 5,"Vonnegut, Kurt|Kurt Vonnegut Jr.",1969,Delacorte,
cats-cradle,Cat's Cradle,Kurt Vonnegut,Cats Cradle,"Vonnegut, Kurt|Kurt Vonnegut Jr.",1963,Holt,
brave-new-world,Brave New World,Aldous Huxley,,"Huxley, Aldous",1932,Chatto & Windus,
fahrenheit-451,Fahrenheit 451,Ray Bradbury,,"Bradbury, Ray",1953,Ballantine,
handmaids-tale,The Handmaid's Tale,Margaret Atwood,The Handmaids Tale,"Atwood, Margaret",1985,McClelland & Stewart,
the-testaments,The Testaments,Margaret Atwood,,"Atwood, Margaret",2019,McClelland & Stewart,
ulysses,Ulysses,James Joyce,,"Joyce, James",1922,Shakespeare and Company,
dubliners,Dubliners,James Joyce,,"Joyce, James",1914,Grant Richards,
the-bell-jar,The Bell Jar,Sylvia Plath,,"Plath, Sylvia|Victoria Lucas",1963,Heinemann,
secret-history,The Secret History,Donna Tartt,,"Tartt, Donna",1992,Knopf,
the-goldfinch,The Goldfinch,Donna Tartt,,"Tartt, Donna",2013,Little Brown,
normal-people,Normal People,Sally Rooney,,"Rooney, Sally",2018,Faber & Faber,
bible-kjv,The Holy Bible,Various,The Bible|King James Version|KJV Bible,Various|King James Version,1611,,
lord-of-flies,Lord of the Flies,William Golding,,"Golding, William",1954,Faber & Faber,
scarlet-letter,The Scarlet Letter,Nathaniel Hawthorne,,"Hawthorne, Nathaniel",1850,,
of-mice-and-men,Of Mice and Men,John Steinbeck,,"Steinbeck, John",1937,Covici Friede,
grapes-of-wrath,The Grapes of Wrath,John Steinbeck,,"Steinbeck, John",1939,Viking,
great-expectations,Great Expectations,Charles Dickens,,"Dickens, Charles|Charles John Huffam Dickens",1861,,
tale-two-cities,A Tale of Two Cities,Charles Dickens,,"Dickens, Charles|Charles John Huffam Dickens",1859,,
frankenstein,Frankenstein,Mary Shelley,"Frankenstein; or, The Modern Prometheus|The Modern Prometheus","Shelley, Mary|Mary Wollstonecraft Shelley|Mary W. Shelley",1818,,
dracula,Dracula,Bram Stoker,,"Stoker, Bram|Abraham Stoker",1897,,
dorian-gray,The Picture of Dorian Gray,Oscar Wilde,,"Wilde, Oscar|Oscar Fingal O'Flahertie Wills Wilde",1890,,
monte-cristo,The Count of Monte Cristo,Alexandre Dumas,Le Comte de Monte-Cristo,"Dumas, Alexandre|Alexandre Dumas pere|Alexandre Dumas, pere",1844,,
huckleberry-finn,The Adventures of Huckleberry Finn,Mark Twain,Huckleberry Finn|Adventures of Huckleberry Finn,"Twain, Mark|Samuel Langhorne Clemens|Samuel Clemens",1884,,
tom-sawyer,The Adventures of Tom Sawyer,Mark Twain,Tom Sawyer,"Twain, Mark|Samuel Langhorne Clemens",1876,,
da-vinci-code,The Da Vinci Code,Dan Brown,,"Brown, Dan",2003,Doubleday,
little-prince,The Little Prince,Antoine de Saint-Exupery,Le Petit Prince,"Saint-Exupery, Antoine de|Antoine de Saint-Exupery|A. de Saint-Exupery",1943,Reynal & Hitchcock,
twilight,Twilight,Stephenie Meyer,,"Meyer, Stephenie",2005,Little Brown,
book-thief,The Book Thief,Markus Zusak,,"Zusak, Markus",2005,Picador,
and-then-none,And Then There Were None,Agatha Christie,Ten Little Indians|Ten Little Niggers,"Christie, Agatha|Agatha Mary Clarissa Christie",1939,Collins Crime Club,
murder-orient,Murder on the Orient Express,Agatha Christie,,"Christie, Agatha",1934,Collins Crime Club,
crawdads,Where the Crawdads Sing,Delia Owens,,"Owens, Delia",2018,Putnam,
silent-patient,The Silent Patient,Alex Michaelides,,"Michaelides, Alex",2019,Celadon,
it-ends-with-us,It Ends With Us,Colleen Hoover,It Ends with Us,"Hoover, Colleen",2016,Atria,
it-starts-with-us,It Starts With Us,Colleen Hoover,It Starts with Us,"Hoover, Colleen",2022,Atria,
evelyn-hugo,The Seven Husbands of Evelyn Hugo,Taylor Jenkins Reid,Seven Husbands of Evelyn Hugo,"Reid, Taylor Jenkins|T. J. Reid",2017,Atria,
lion-witch-wardrobe,"The Lion, the Witch and the Wardrobe",C.S. Lewis,The Lion the Witch and the Wardrobe,"Lewis, C. S.|Clive Staples Lewis|CS Lewis",1950,Geoffrey Bles,
prince-caspian,Prince Caspian,C.S. Lewis,,"Lewis, C. S.|Clive Staples Lewis",1951,Geoffrey Bles,
narnia-omnibus,The Chronicles of Narnia,C.S. Lewis,Chronicles of Narnia: The Complete Collection,"Lewis, C. S.|Clive Staples Lewis",1956,HarperCollins,lion-witch-wardrobe|prince-caspian
charlottes-web,Charlotte's Web,E.B. White,Charlottes Web,"White, E. B.|Elwyn Brooks White|EB White",1952,Harper & Brothers,
hungry-caterpillar,The Very Hungry Caterpillar,Eric Carle,,"Carle, Eric",1969,World Publishing,
the-giver,The Giver,Lois Lowry,,"Lowry, Lois",1993,Houghton Mifflin,
anne-green-gables,Anne of Green Gables,L.M. Montgomery,,"Montgomery, L. M.|Lucy Maud Montgomery|LM Montgomery",1908,L.C. Page,
alice-wonderland,Alice's Adventures in Wonderland,Lewis Carroll,Alice in Wonderland|Alices Adventures in Wonderland,"Carroll, Lewis|Charles Lutwidge Dodgson",1865,Macmillan,
through-looking-glass,Through the Looking-Glass,Lewis Carroll,Through the Looking Glass,"Carroll, Lewis|Charles Lutwidge Dodgson",1871,Macmillan,
alice-omnibus,Alice's Adventures in Wonderland and Through the Looking-Glass,Lewis Carroll,The Complete Alice,"Carroll, Lewis|Charles Lutwidge Dodgson",1960,Signet,alice-wonderland|through-looking-glass
anne-frank,The Diary of a Young Girl,Anne Frank,The Diary of Anne Frank|Het Achterhuis|Anne Frank: The Diary of a Young Girl,"Frank, Anne|Annelies Marie Frank",1947,Contact,
win-friends,How to Win Friends and Influence People,Dale Carnegie,,"Carnegie, Dale",1936,Simon & Schuster,
search-for-meaning,Man's Search for Meaning,Viktor Frankl,Mans Search for Meaning|Ein Psychologe erlebt das Konzentrationslager,"Frankl, Viktor|Viktor E. Frankl|Viktor Emil Frankl",1946,,
bible-niv,The Holy Bible,Various,The Bible|New International Version|NIV Bible,Various|New International Version,1978,Zondervan,
cats-eye-atwood,Cat's Eye,Margaret Atwood,,"Atwood, Margaret",,,
alias-grace-atwood,Alias Grace,Margaret Atwood,,"Atwood, Margaret",,,
oryx-and-crake-atwood,Oryx and Crake,Margaret Atwood,,"Atwood, Margaret",,,
blind-assassin-atwood,The Blind Assassin,Margaret Atwood,,"Atwood, Margaret",,,
robber-bride-atwood,The Robber Bride,Margaret Atwood,,"Atwood, Margaret",,,
surfacing-atwood,Surfacing,Margaret Atwood,,"Atwood, Margaret",,,
year-of-the-flood-atwood,The Year of the Flood,Margaret Atwood,,"Atwood, Margaret",,,
maddaddam-atwood,MaddAddam,Margaret Atwood,,"Atwood, Margaret",,,
dear-life-munro,Dear Life,Alice Munro,,"Munro, Alice",,,
runaway-munro,Runaway,Alice Munro,,"Munro, Alice",,,
lives-of-girls-and-women-munro,Lives of Girls and Women,Alice Munro,,"Munro, Alice",,,
love-of-a-good-woman-munro,The Love of a Good Woman,Alice Munro,,"Munro, Alice",,,
hateship-friendship-courts-munro,"Hateship, Friendship, Courtship, Loveship, Marriage",Alice Munro,,"Munro, Alice",,,
who-do-you-think-you-are-munro,Who Do You Think You Are?,Alice Munro,,"Munro, Alice",,,
english-patient-ondaatje,The English Patient,Michael Ondaatje,,"Ondaatje, Michael",,,
in-the-skin-of-a-lion-ondaatje,In the Skin of a Lion,Michael Ondaatje,,"Ondaatje, Michael",,,
anils-ghost-ondaatje,Anil's Ghost,Michael Ondaatje,,"Ondaatje, Michael",,,
warlight-ondaatje,Warlight,Michael Ondaatje,,"Ondaatje, Michael",,,
cats-table-ondaatje,The Cat's Table,Michael Ondaatje,,"Ondaatje, Michael",,,
fifth-business-davies,Fifth Business,Robertson Davies,,"Davies, Robertson",,,
manticore-davies,The Manticore,Robertson Davies,,"Davies, Robertson",,,
world-of-wonders-davies,World of Wonders,Robertson Davies,,"Davies, Robertson",,,
stone-angel-laurence,The Stone Angel,Margaret Laurence,,"Laurence, Margaret",,,
diviners-laurence,The Diviners,Margaret Laurence,,"Laurence, Margaret",,,
bird-in-the-house-laurence,A Bird in the House,Margaret Laurence,,"Laurence, Margaret",,,
apprenticeship-of-duddy-kr-richler,The Apprenticeship of Duddy Kravitz,Mordecai Richler,Duddy Kravitz,"Richler, Mordecai",,,
barneys-version-richler,Barney's Version,Mordecai Richler,,"Richler, Mordecai",,,
solomon-gursky-was-here-richler,Solomon Gursky Was Here,Mordecai Richler,,"Richler, Mordecai",,,
wars-findley,The Wars,Timothy Findley,,"Findley, Timothy",,,
not-wanted-on-the-voyage-findley,Not Wanted on the Voyage,Timothy Findley,,"Findley, Timothy",,,
fine-balance-mistry,A Fine Balance,Rohinton Mistry,,"Mistry, Rohinton",,,
such-a-long-journey-mistry,Such a Long Journey,Rohinton Mistry,,"Mistry, Rohinton",,,
family-matters-mistry,Family Matters,Rohinton Mistry,,"Mistry, Rohinton",,,
book-of-negroes-hill,The Book of Negroes,Lawrence Hill,Someone Knows My Name,"Hill, Lawrence",,,
any-known-blood-hill,Any Known Blood,Lawrence Hill,,"Hill, Lawrence",,,
illegal-hill,The Illegal,Lawrence Hill,,"Hill, Lawrence",,,
fall-on-your-knees-macdonald,Fall on Your Knees,Ann-Marie MacDonald,,"MacDonald, Ann-Marie",,,
way-the-crow-flies-macdonald,The Way the Crow Flies,Ann-Marie MacDonald,,"MacDonald, Ann-Marie",,,
no-great-mischief-macleod,No Great Mischief,Alistair MacLeod,,"MacLeod, Alistair",,,
island-macleod,Island,Alistair MacLeod,,"MacLeod, Alistair",,,
generation-x-coupland,Generation X,Douglas Coupland,,"Coupland, Douglas",,,
microserfs-coupland,Microserfs,Douglas Coupland,,"Coupland, Douglas",,,
jpod-coupland,JPod,Douglas Coupland,,"Coupland, Douglas",,,
complicated-kindness-toews,A Complicated Kindness,Miriam Toews,,"Toews, Miriam",,,
all-my-puny-sorrows-toews,All My Puny Sorrows,Miriam Toews,,"Toews, Miriam",,,
women-talking-toews,Women Talking,Miriam Toews,,"Toews, Miriam",,,
do-not-say-we-have-nothing-thien,Do Not Say We Have Nothing,Madeleine Thien,,"Thien, Madeleine",,,
certainty-thien,Certainty,Madeleine Thien,,"Thien, Madeleine",,,
washington-black-edugyan,Washington Black,Esi Edugyan,,"Edugyan, Esi",,,
half-blood-blues-edugyan,Half-Blood Blues,Esi Edugyan,,"Edugyan, Esi",,,
fifteen-dogs-alexis,Fifteen Dogs,Andre Alexis,,"Alexis, Andre",,,
room-donoghue,Room,Emma Donoghue,,"Donoghue, Emma",,,
wonder-donoghue,The Wonder,Emma Donoghue,,"Donoghue, Emma",,,
lullabies-for-little-crimi-oneill,Lullabies for Little Criminals,Heather O'Neill,,"O'Neill, Heather",,,
lonely-hearts-hotel-oneill,The Lonely Hearts Hotel,Heather O'Neill,,"O'Neill, Heather",,,
brother-chariandy,Brother,David Chariandy,,"Chariandy, David",,,
soucouyant-chariandy,Soucouyant,David Chariandy,,"Chariandy, David",,,
scarborough-hernandez,Scarborough,Catherine Hernandez,,"Hernandez, Catherine",,,
break-vermette,The Break,Katherena Vermette,,"Vermette, Katherena",,,
bear-engel,Bear,Marian Engel,,"Engel, Marian",,,
rez-sisters-highway,The Rez Sisters,Tomson Highway,,"Highway, Tomson",,,
kiss-of-the-fur-queen-highway,Kiss of the Fur Queen,Tomson Highway,,"Highway, Tomson",,,
colony-of-unrequited-dream-johnston,The Colony of Unrequited Dreams,Wayne Johnston,,"Johnston, Wayne",,,
galore-crummey,Galore,Michael Crummey,,"Crummey, Michael",,,
sweetland-crummey,Sweetland,Michael Crummey,,"Crummey, Michael",,,
february-moore,February,Lisa Moore,,"Moore, Lisa",,,
nikolski-dickner,Nikolski,Nicolas Dickner,,"Dickner, Nicolas",,,
sisters-brothers-dewitt,The Sisters Brothers,Patrick deWitt,,"deWitt, Patrick",,,
late-nights-on-air-hay,Late Nights on Air,Elizabeth Hay,,"Hay, Elizabeth",,,
clara-callan-wright,Clara Callan,Richard B. Wright,,"Wright, Richard B.",,,
cellist-of-sarajevo-galloway,The Cellist of Sarajevo,Steven Galloway,,"Galloway, Steven",,,
bloodletting-and-miraculou-lam,Bloodletting and Miraculous Cures,Vincent Lam,,"Lam, Vincent",,,
in-between-world-of-vikram-vassanji,The In-Between World of Vikram Lall,M.G. Vassanji,,"Vassanji, M.G.",,,
antagonist-coady,The Antagonist,Lynn Coady,,"Coady, Lynn",,,
hellgoing-coady,Hellgoing,Lynn Coady,,"Coady, Lynn",,,
how-should-a-person-be-heti,How Should a Person Be?,Sheila Heti,,"Heti, Sheila",,,
bottle-rocket-hearts-whittall,Bottle Rocket Hearts,Zoe Whittall,,"Whittall, Zoe",,,
best-kind-of-people-whittall,The Best Kind of People,Zoe Whittall,,"Whittall, Zoe",,,
de-niros-game-hage,De Niro's Game,Rawi Hage,,"Hage, Rawi",,,
cockroach-hage,Cockroach,Rawi Hage,,"Hage, Rawi",,,
life-after-god-coupland,Life After God,Douglas Coupland,,"Coupland, Douglas",,,
away-urquhart,Away,Jane Urquhart,,"Urquhart, Jane",,,
stone-carvers-urquhart,The Stone Carvers,Jane Urquhart,,"Urquhart, Jane",,,
green-grass-running-water-king,"Green Grass, Running Water",Thomas King,,"King, Thomas",,,
inconvenient-indian-king,The Inconvenient Indian,Thomas King,,"King, Thomas",,,
indian-horse-wagamese,Indian Horse,Richard Wagamese,,"Wagamese, Richard",,,
medicine-walk-wagamese,Medicine Walk,Richard Wagamese,,"Wagamese, Richard",,,
starlight-wagamese,Starlight,Richard Wagamese,,"Wagamese, Richard",,,
five-little-indians-good,Five Little Indians,Michelle Good,,"Good, Michelle",,,
marrow-thieves-dimaline,The Marrow Thieves,Cherie Dimaline,,"Dimaline, Cherie",,,
empire-of-wild-dimaline,Empire of Wild,Cherie Dimaline,,"Dimaline, Cherie",,,
moon-of-the-crusted-snow-rice,Moon of the Crusted Snow,Waubgeshig Rice,,"Rice, Waubgeshig",,,
seven-fallen-feathers-talaga,Seven Fallen Feathers,Tanya Talaga,,"Talaga, Tanya",,,
braiding-sweetgrass-kimmerer,Braiding Sweetgrass,Robin Wall Kimmerer,,"Kimmerer, Robin Wall",,,
21-things-you-may-not-know-joseph,21 Things You May Not Know About the Indian Act,Bob Joseph,,"Joseph, Bob",,,
from-the-ashes-thistle,From the Ashes,Jesse Thistle,,"Thistle, Jesse",,,
heart-berries-mailhot,Heart Berries,Terese Marie Mailhot,,"Mailhot, Terese Marie",,,
three-day-road-boyden,Three Day Road,Joseph Boyden,,"Boyden, Joseph",,,
through-black-spruce-boyden,Through Black Spruce,Joseph Boyden,,"Boyden, Joseph",,,
orenda-boyden,The Orenda,Joseph Boyden,,"Boyden, Joseph",,,
firm-grisham,The Firm,John Grisham,,"Grisham, John",,,
time-to-kill-grisham,A Time to Kill,John Grisham,,"Grisham, John",,,
pelican-brief-grisham,The Pelican Brief,John Grisham,,"Grisham, John",,,
client-grisham,The Client,John Grisham,,"Grisham, John",,,
rainmaker-grisham,The Rainmaker,John Grisham,,"Grisham, John",,,
runaway-jury-grisham,The Runaway Jury,John Grisham,,"Grisham, John",,,
testament-grisham,The Testament,John Grisham,,"Grisham, John",,,
racketeer-grisham,The Racketeer,John Grisham,,"Grisham, John",,,
camino-island-grisham,Camino Island,John Grisham,,"Grisham, John",,,
along-came-a-spider-patterson,Along Came a Spider,James Patterson,,"Patterson, James",,,
kiss-the-girls-patterson,Kiss the Girls,James Patterson,,"Patterson, James",,,
cat-and-mouse-patterson,Cat and Mouse,James Patterson,,"Patterson, James",,,
1st-to-die-patterson,1st to Die,James Patterson,First to Die,"Patterson, James",,,
postcard-killers-patterson,The Postcard Killers,James Patterson,,"Patterson, James",,,
absolute-power-baldacci,Absolute Power,David Baldacci,,"Baldacci, David",,,
total-control-baldacci,Total Control,David Baldacci,,"Baldacci, David",,,
camel-club-baldacci,The Camel Club,David Baldacci,,"Baldacci, David",,,
memory-man-baldacci,Memory Man,David Baldacci,,"Baldacci, David",,,
innocent-baldacci,The Innocent,David Baldacci,,"Baldacci, David",,,
raise-the-titanic-cussler,Raise the Titanic,Clive Cussler,,"Cussler, Clive",,,
sahara-cussler,Sahara,Clive Cussler,,"Cussler, Clive",,,
inca-gold-cussler,Inca Gold,Clive Cussler,,"Cussler, Clive",,,
treasure-cussler,Treasure,Clive Cussler,,"Cussler, Clive",,,
dragon-cussler,Dragon,Clive Cussler,,"Cussler, Clive",,,
black-echo-connelly,The Black Echo,Michael Connelly,,"Connelly, Michael",,,
lincoln-lawyer-connelly,The Lincoln Lawyer,Michael Connelly,,"Connelly, Michael",,,
poet-connelly,The Poet,Michael Connelly,,"Connelly, Michael",,,
city-of-bones-connelly,City of Bones,Michael Connelly,,"Connelly, Michael",,,
concrete-blonde-connelly,The Concrete Blonde,Michael Connelly,,"Connelly, Michael",,,
postmortem-cornwell,Postmortem,Patricia Cornwell,,"Cornwell, Patricia",,,
body-of-evidence-cornwell,Body of Evidence,Patricia Cornwell,,"Cornwell, Patricia",,,
all-that-remains-cornwell,All That Remains,Patricia Cornwell,,"Cornwell, Patricia",,,
cruel-and-unusual-cornwell,Cruel and Unusual,Patricia Cornwell,,"Cornwell, Patricia",,,
killing-floor-child,Killing Floor,Lee Child,,"Child, Lee",,,
die-trying-child,Die Trying,Lee Child,,"Child, Lee",,,
tripwire-child,Tripwire,Lee Child,,"Child, Lee",,,
one-shot-child,One Shot,Lee Child,,"Child, Lee",,,
hard-way-child,The Hard Way,Lee Child,,"Child, Lee",,,
american-assassin-flynn,American Assassin,Vince Flynn,,"Flynn, Vince",,,
transfer-of-power-flynn,Transfer of Power,Vince Flynn,,"Flynn, Vince",,,
consent-to-kill-flynn,Consent to Kill,Vince Flynn,,"Flynn, Vince",,,
bourne-identity-ludlum,The Bourne Identity,Robert Ludlum,,"Ludlum, Robert",,,
bourne-supremacy-ludlum,The Bourne Supremacy,Robert Ludlum,,"Ludlum, Robert",,,
bourne-ultimatum-ludlum,The Bourne Ultimatum,Robert Ludlum,,"Ludlum, Robert",,,
scarlatti-inheritance-ludlum,The Scarlatti Inheritance,Robert Ludlum,,"Ludlum, Robert",,,
eye-of-the-needle-follett,The Eye of the Needle,Ken Follett,,"Follett, Ken",,,
pillars-of-the-earth-follett,The Pillars of the Earth,Ken Follett,,"Follett, Ken",,,
world-without-end-follett,World Without End,Ken Follett,,"Follett, Ken",,,
column-of-fire-follett,A Column of Fire,Ken Follett,,"Follett, Ken",,,
fall-of-giants-follett,Fall of Giants,Ken Follett,,"Follett, Ken",,,
key-to-rebecca-follett,The Key to Rebecca,Ken Follett,,"Follett, Ken",,,
one-for-the-money-evanovich,One for the Money,Janet Evanovich,,"Evanovich, Janet",,,
two-for-the-dough-evanovich,Two for the Dough,Janet Evanovich,,"Evanovich, Janet",,,
three-to-get-deadly-evanovich,Three to Get Deadly,Janet Evanovich,,"Evanovich, Janet",,,
hard-eight-evanovich,Hard Eight,Janet Evanovich,,"Evanovich, Janet",,,
bone-collector-deaver,The Bone Collector,Jeffery Deaver,,"Deaver, Jeffery",,,
coffin-dancer-deaver,The Coffin Dancer,Jeffery Deaver,,"Deaver, Jeffery",,,
tell-no-one-coben,Tell No One,Harlan Coben,,"Coben, Harlan",,,
gone-for-good-coben,Gone for Good,Harlan Coben,,"Coben, Harlan",,,
stranger-coben,The Stranger,Harlan Coben,,"Coben, Harlan",,,
gone-girl-flynn,Gone Girl,Gillian Flynn,,"Flynn, Gillian",,,
sharp-objects-flynn,Sharp Objects,Gillian Flynn,,"Flynn, Gillian",,,
dark-places-flynn,Dark Places,Gillian Flynn,,"Flynn, Gillian",,,
girl-on-the-train-hawkins,The Girl on the Train,Paula Hawkins,,"Hawkins, Paula",,,
into-the-water-hawkins,Into the Water,Paula Hawkins,,"Hawkins, Paula",,,
girl-with-the-dragon-tatto-larsson,The Girl with the Dragon Tattoo,Stieg Larsson,Men Who Hate Women,"Larsson, Stieg",,,
girl-who-played-with-fire-larsson,The Girl Who Played with Fire,Stieg Larsson,,"Larsson, Stieg",,,
girl-who-kicked-the-hornet-larsson,The Girl Who Kicked the Hornets' Nest,Stieg Larsson,,"Larsson, Stieg",,,
still-life-penny,Still Life,Louise Penny,,"Penny, Louise",,,
fatal-grace-penny,A Fatal Grace,Louise Penny,,"Penny, Louise",,,
cruelest-month-penny,The Cruelest Month,Louise Penny,,"Penny, Louise",,,
bury-your-dead-penny,Bury Your Dead,Louise Penny,,"Penny, Louise",,,
still-missing-stevens,Still Missing,Chevy Stevens,,"Stevens, Chevy",,,
pretty-girls-slaughter,Pretty Girls,Karin Slaughter,,"Slaughter, Karin",,,
good-daughter-slaughter,The Good Daughter,Karin Slaughter,,"Slaughter, Karin",,,
before-i-go-to-sleep-watson,Before I Go to Sleep,S.J. Watson,,"Watson, S.J.",,,
woman-in-the-window-finn,The Woman in the Window,A.J. Finn,,"Finn, A.J.",,,
guest-list-foley,The Guest List,Lucy Foley,,"Foley, Lucy",,,
hunting-party-foley,The Hunting Party,Lucy Foley,,"Foley, Lucy",,,
big-little-lies-moriarty,Big Little Lies,Liane Moriarty,,"Moriarty, Liane",,,
husbands-secret-moriarty,The Husband's Secret,Liane Moriarty,,"Moriarty, Liane",,,
nine-perfect-strangers-moriarty,Nine Perfect Strangers,Liane Moriarty,,"Moriarty, Liane",,,
in-a-dark-dark-wood-ware,"In a Dark, Dark Wood",Ruth Ware,,"Ware, Ruth",,,
woman-in-cabin-10-ware,The Woman in Cabin 10,Ruth Ware,,"Ware, Ruth",,,
thursday-murder-club-osman,The Thursday Murder Club,Richard Osman,,"Osman, Richard",,,
angels-and-demons-brown,Angels and Demons,Dan Brown,,"Brown, Dan",,,
lost-symbol-brown,The Lost Symbol,Dan Brown,,"Brown, Dan",,,
inferno-brown,Inferno,Dan Brown,,"Brown, Dan",,,
origin-brown,Origin,Dan Brown,,"Brown, Dan",,,
digital-fortress-brown,Digital Fortress,Dan Brown,,"Brown, Dan",,,
cuckoos-calling-galbraith,The Cuckoo's Calling,Robert Galbraith,,"Galbraith, Robert",,,
silkworm-galbraith,The Silkworm,Robert Galbraith,,"Galbraith, Robert",,,
mystic-river-lehane,Mystic River,Dennis Lehane,,"Lehane, Dennis",,,
shutter-island-lehane,Shutter Island,Dennis Lehane,,"Lehane, Dennis",,,
gorky-park-smith,Gorky Park,Martin Cruz Smith,,"Smith, Martin Cruz",,,
hunt-for-red-october-clancy,The Hunt for Red October,Tom Clancy,,"Clancy, Tom",,,
patriot-games-clancy,Patriot Games,Tom Clancy,,"Clancy, Tom",,,
clear-and-present-danger-clancy,Clear and Present Danger,Tom Clancy,,"Clancy, Tom",,,
sum-of-all-fears-clancy,The Sum of All Fears,Tom Clancy,,"Clancy, Tom",,,
rainbow-six-clancy,Rainbow Six,Tom Clancy,,"Clancy, Tom",,,
eye-of-the-world-jordan,The Eye of the World,Robert Jordan,,"Jordan, Robert",,,
great-hunt-jordan,The Great Hunt,Robert Jordan,,"Jordan, Robert",,,
dragon-reborn-jordan,The Dragon Reborn,Robert Jordan,,"Jordan, Robert",,,
feast-for-crows-martin,A Feast for Crows,George R.R. Martin,,"Martin, George R.R.",,,
dance-with-dragons-martin,A Dance with Dragons,George R.R. Martin,,"Martin, George R.R.",,,
name-of-the-wind-rothfuss,The Name of the Wind,Patrick Rothfuss,,"Rothfuss, Patrick",,,
wise-mans-fear-rothfuss,The Wise Man's Fear,Patrick Rothfuss,,"Rothfuss, Patrick",,,
way-of-kings-sanderson,The Way of Kings,Brandon Sanderson,,"Sanderson, Brandon",,,
words-of-radiance-sanderson,Words of Radiance,Brandon Sanderson,,"Sanderson, Brandon",,,
mistborn-sanderson,Mistborn,Brandon Sanderson,,"Sanderson, Brandon",,,
well-of-ascension-sanderson,The Well of Ascension,Brandon Sanderson,,"Sanderson, Brandon",,,
gardens-of-the-moon-erikson,Gardens of the Moon,Steven Erikson,,"Erikson, Steven",,,
deadhouse-gates-erikson,Deadhouse Gates,Steven Erikson,,"Erikson, Steven",,,
memories-of-ice-erikson,Memories of Ice,Steven Erikson,,"Erikson, Steven",,,
colour-of-magic-pratchett,The Colour of Magic,Terry Pratchett,,"Pratchett, Terry",,,
mort-pratchett,Mort,Terry Pratchett,,"Pratchett, Terry",,,
guards-guards-pratchett,Guards! Guards!,Terry Pratchett,,"Pratchett, Terry",,,
small-gods-pratchett,Small Gods,Terry Pratchett,,"Pratchett, Terry",,,
going-postal-pratchett,Going Postal,Terry Pratchett,,"Pratchett, Terry",,,
lions-of-al-rassan-kay,The Lions of Al-Rassan,Guy Gavriel Kay,,"Kay, Guy Gavriel",,,
tigana-kay,Tigana,Guy Gavriel Kay,,"Kay, Guy Gavriel",,,
summer-tree-kay,The Summer Tree,Guy Gavriel Kay,,"Kay, Guy Gavriel",,,
under-heaven-kay,Under Heaven,Guy Gavriel Kay,,"Kay, Guy Gavriel",,,
neuromancer-gibson,Neuromancer,William Gibson,,"Gibson, William",,,
count-zero-gibson,Count Zero,William Gibson,,"Gibson, William",,,
pattern-recognition-gibson,Pattern Recognition,William Gibson,,"Gibson, William",,,
snow-crash-stephenson,Snow Crash,Neal Stephenson,,"Stephenson, Neal",,,
cryptonomicon-stephenson,Cryptonomicon,Neal Stephenson,,"Stephenson, Neal",,,
seveneves-stephenson,Seveneves,Neal Stephenson,,"Stephenson, Neal",,,
enders-game-card,Ender's Game,Orson Scott Card,,"Card, Orson Scott",,,
speaker-for-the-dead-card,Speaker for the Dead,Orson Scott Card,,"Card, Orson Scott",,,
foundation-asimov,Foundation,Isaac Asimov,,"Asimov, Isaac",,,
i-robot-asimov,"I, Robot",Isaac Asimov,,"Asimov, Isaac",,,
caves-of-steel-asimov,The Caves of Steel,Isaac Asimov,,"Asimov, Isaac",,,
rendezvous-with-rama-clarke,Rendezvous with Rama,Arthur C. Clarke,,"Clarke, Arthur C.",,,
2001-a-space-odyssey-clarke,2001: A Space Odyssey,Arthur C. Clarke,2001 A Space Odyssey,"Clarke, Arthur C.",,,
childhoods-end-clarke,Childhood's End,Arthur C. Clarke,,"Clarke, Arthur C.",,,
starship-troopers-heinlein,Starship Troopers,Robert A. Heinlein,,"Heinlein, Robert A.",,,
stranger-in-a-strange-land-heinlein,Stranger in a Strange Land,Robert A. Heinlein,,"Heinlein, Robert A.",,,
hyperion-simmons,Hyperion,Dan Simmons,,"Simmons, Dan",,,
forever-war-haldeman,The Forever War,Joe Haldeman,,"Haldeman, Joe",,,
do-androids-dream-of-elect-dick,Do Androids Dream of Electric Sheep?,Philip K. Dick,,"Dick, Philip K.",,,
man-in-the-high-castle-dick,The Man in the High Castle,Philip K. Dick,,"Dick, Philip K.",,,
ubik-dick,Ubik,Philip K. Dick,,"Dick, Philip K.",,,
flowers-for-algernon-keyes,Flowers for Algernon,Daniel Keyes,,"Keyes, Daniel",,,
kindred-butler,Kindred,Octavia E. Butler,,"Butler, Octavia E.",,,
parable-of-the-sower-butler,Parable of the Sower,Octavia E. Butler,,"Butler, Octavia E.",,,
fifth-season-jemisin,The Fifth Season,N.K. Jemisin,,"Jemisin, N.K.",,,
ancillary-justice-leckie,Ancillary Justice,Ann Leckie,,"Leckie, Ann",,,
three-body-problem-liu,The Three-Body Problem,Cixin Liu,,"Liu, Cixin",,,
station-eleven-mandel,Station Eleven,Emily St. John Mandel,,"Mandel, Emily St. John",,,
glass-hotel-mandel,The Glass Hotel,Emily St. John Mandel,,"Mandel, Emily St. John",,,
sea-of-tranquility-mandel,Sea of Tranquility,Emily St. John Mandel,,"Mandel, Emily St. John",,,
never-let-me-go-ishiguro,Never Let Me Go,Kazuo Ishiguro,,"Ishiguro, Kazuo",,,
remains-of-the-day-ishiguro,The Remains of the Day,Kazuo Ishiguro,,"Ishiguro, Kazuo",,,
klara-and-the-sun-ishiguro,Klara and the Sun,Kazuo Ishiguro,,"Ishiguro, Kazuo",,,
recursion-crouch,Recursion,Blake Crouch,,"Crouch, Blake",,,
dark-matter-crouch,Dark Matter,Blake Crouch,,"Crouch, Blake",,,
blade-itself-abercrombi,The Blade Itself,Joe Abercrombie,,"Abercrombie, Joe",,,
game-of-thrones-the-graphi-martin,A Game of Thrones: The Graphic Novel,George R.R. Martin,,"Martin, George R.R.",,,
american-psycho-ellis,American Psycho,Bret Easton Ellis,,"Ellis, Bret Easton",,,
sword-of-shannara-brooks,The Sword of Shannara,Terry Brooks,,"Brooks, Terry",,,
magician-feist,Magician,Raymond E. Feist,,"Feist, Raymond E.",,,
assassins-apprentice-hobb,Assassin's Apprentice,Robin Hobb,,"Hobb, Robin",,,
royal-assassin-hobb,Royal Assassin,Robin Hobb,,"Hobb, Robin",,,
golden-fool-hobb,The Golden Fool,Robin Hobb,,"Hobb, Robin",,,
court-of-thorns-and-roses-maas,A Court of Thorns and Roses,Sarah J. Maas,,"Maas, Sarah J.",,,
court-of-mist-and-fury-maas,A Court of Mist and Fury,Sarah J. Maas,,"Maas, Sarah J.",,,
throne-of-glass-maas,Throne of Glass,Sarah J. Maas,,"Maas, Sarah J.",,,
fourth-wing-yarros,Fourth Wing,Rebecca Yarros,,"Yarros, Rebecca",,,
iron-flame-yarros,Iron Flame,Rebecca Yarros,,"Yarros, Rebecca",,,
red-rising-brown,Red Rising,Pierce Brown,,"Brown, Pierce",,,
golden-son-brown,Golden Son,Pierce Brown,,"Brown, Pierce",,,
poppy-war-kuang,The Poppy War,R.F. Kuang,,"Kuang, R.F.",,,
babel-kuang,Babel,R.F. Kuang,,"Kuang, R.F.",,,
piranesi-clarke,Piranesi,Susanna Clarke,,"Clarke, Susanna",,,
jonathan-strange-and-mr-no-clarke,Jonathan Strange and Mr Norrell,Susanna Clarke,,"Clarke, Susanna",,,
night-circus-morgenster,The Night Circus,Erin Morgenstern,,"Morgenstern, Erin",,,
circe-miller,Circe,Madeline Miller,,"Miller, Madeline",,,
song-of-achilles-miller,The Song of Achilles,Madeline Miller,,"Miller, Madeline",,,
eragon-paolini,Eragon,Christopher Paolini,,"Paolini, Christopher",,,
eldest-paolini,Eldest,Christopher Paolini,,"Paolini, Christopher",,,
golden-son-gowda,The Golden Son,Shilpi Somaya Gowda,,"Gowda, Shilpi Somaya",,,
hyperion-cantos-simmons,Hyperion Cantos,Dan Simmons,,"Simmons, Dan",,,
left-hand-of-god-hoffman,The Left Hand of God,Paul Hoffman,,"Hoffman, Paul",,,
wool-howey,Wool,Hugh Howey,,"Howey, Hugh",,,
ready-player-two-cline,Ready Player Two,Ernest Cline,,"Cline, Ernest",,,
andromeda-strain-crichton,The Andromeda Strain,Michael Crichton,,"Crichton, Michael",,,
jurassic-park-crichton,Jurassic Park,Michael Crichton,,"Crichton, Michael",,,
lost-world-crichton,The Lost World,Michael Crichton,,"Crichton, Michael",,,
sphere-crichton,Sphere,Michael Crichton,,"Crichton, Michael",,,
timeline-crichton,Timeline,Michael Crichton,,"Crichton, Michael",,,
prey-crichton,Prey,Michael Crichton,,"Crichton, Michael",,,
congo-crichton,Congo,Michael Crichton,,"Crichton, Michael",,,
rising-sun-crichton,Rising Sun,Michael Crichton,,"Crichton, Michael",,,
disclosure-crichton,Disclosure,Michael Crichton,,"Crichton, Michael",,,
star-wars-heir-to-the-empi-zahn,Star Wars: Heir to the Empire,Timothy Zahn,,"Zahn, Timothy",,,
star-trek-the-wrath-of-kha-mcintyre,Star Trek: The Wrath of Khan,Vonda N. McIntyre,,"McIntyre, Vonda N.",,,
dune-house-atreides-herbert,Dune: House Atreides,Brian Herbert,,"Herbert, Brian",,,
nightingale-hannah,The Nightingale,Kristin Hannah,,"Hannah, Kristin",,,
four-winds-hannah,The Four Winds,Kristin Hannah,,"Hannah, Kristin",,,
great-alone-hannah,The Great Alone,Kristin Hannah,,"Hannah, Kristin",,,
firefly-lane-hannah,Firefly Lane,Kristin Hannah,,"Hannah, Kristin",,,
my-sisters-keeper-picoult,My Sister's Keeper,Jodi Picoult,,"Picoult, Jodi",,,
nineteen-minutes-picoult,Nineteen Minutes,Jodi Picoult,,"Picoult, Jodi",,,
small-great-things-picoult,Small Great Things,Jodi Picoult,,"Picoult, Jodi",,,
notebook-sparks,The Notebook,Nicholas Sparks,,"Sparks, Nicholas",,,
walk-to-remember-sparks,A Walk to Remember,Nicholas Sparks,,"Sparks, Nicholas",,,
lucky-one-sparks,The Lucky One,Nicholas Sparks,,"Sparks, Nicholas",,,
dear-john-sparks,Dear John,Nicholas Sparks,,"Sparks, Nicholas",,,
outlander-gabaldon,Outlander,Diana Gabaldon,,"Gabaldon, Diana",,,
dragonfly-in-amber-gabaldon,Dragonfly in Amber,Diana Gabaldon,,"Gabaldon, Diana",,,
voyager-gabaldon,Voyager,Diana Gabaldon,,"Gabaldon, Diana",,,
beach-read-henry,Beach Read,Emily Henry,,"Henry, Emily",,,
people-we-meet-on-vacation-henry,People We Meet on Vacation,Emily Henry,,"Henry, Emily",,,
book-lovers-henry,Book Lovers,Emily Henry,,"Henry, Emily",,,
verity-hoover,Verity,Colleen Hoover,,"Hoover, Colleen",,,
ugly-love-hoover,Ugly Love,Colleen Hoover,,"Hoover, Colleen",,,
daisy-jones-and-the-six-reid,Daisy Jones and the Six,Taylor Jenkins Reid,,"Reid, Taylor Jenkins",,,
malibu-rising-reid,Malibu Rising,Taylor Jenkins Reid,,"Reid, Taylor Jenkins",,,
midnight-library-haig,The Midnight Library,Matt Haig,,"Haig, Matt",,,
how-to-stop-time-haig,How to Stop Time,Matt Haig,,"Haig, Matt",,,
eleanor-oliphant-is-comple-honeyman,Eleanor Oliphant Is Completely Fine,Gail Honeyman,,"Honeyman, Gail",,,
man-called-ove-backman,A Man Called Ove,Fredrik Backman,,"Backman, Fredrik",,,
anxious-people-backman,Anxious People,Fredrik Backman,,"Backman, Fredrik",,,
beartown-backman,Beartown,Fredrik Backman,,"Backman, Fredrik",,,
rosie-project-simsion,The Rosie Project,Graeme Simsion,,"Simsion, Graeme",,,
curious-incident-of-the-do-haddon,The Curious Incident of the Dog in the Night-Time,Mark Haddon,The Curious Incident of the Dog in the Nighttime,"Haddon, Mark",,,
help-stockett,The Help,Kathryn Stockett,,"Stockett, Kathryn",,,
secret-life-of-bees-kidd,The Secret Life of Bees,Sue Monk Kidd,,"Kidd, Sue Monk",,,
water-for-elephants-gruen,Water for Elephants,Sara Gruen,,"Gruen, Sara",,,
time-travelers-wife-niffenegge,The Time Traveler's Wife,Audrey Niffenegger,,"Niffenegger, Audrey",,,
lovely-bones-sebold,The Lovely Bones,Alice Sebold,,"Sebold, Alice",,,
memoirs-of-a-geisha-golden,Memoirs of a Geisha,Arthur Golden,,"Golden, Arthur",,,
cutting-for-stone-verghese,Cutting for Stone,Abraham Verghese,,"Verghese, Abraham",,,
poisonwood-bible-kingsolver,The Poisonwood Bible,Barbara Kingsolver,,"Kingsolver, Barbara",,,
demon-copperhead-kingsolver,Demon Copperhead,Barbara Kingsolver,,"Kingsolver, Barbara",,,
bean-trees-kingsolver,The Bean Trees,Barbara Kingsolver,,"Kingsolver, Barbara",,,
middlesex-eugenides,Middlesex,Jeffrey Eugenides,,"Eugenides, Jeffrey",,,
virgin-suicides-eugenides,The Virgin Suicides,Jeffrey Eugenides,,"Eugenides, Jeffrey",,,
little-life-yanagihara,A Little Life,Hanya Yanagihara,,"Yanagihara, Hanya",,,
corrections-franzen,The Corrections,Jonathan Franzen,,"Franzen, Jonathan",,,
freedom-franzen,Freedom,Jonathan Franzen,,"Franzen, Jonathan",,,
white-teeth-smith,White Teeth,Zadie Smith,,"Smith, Zadie",,,
on-beauty-smith,On Beauty,Zadie Smith,,"Smith, Zadie",,,
half-of-a-yellow-sun-adichie,Half of a Yellow Sun,Chimamanda Ngozi Adichie,,"Adichie, Chimamanda Ngozi",,,
americanah-adichie,Americanah,Chimamanda Ngozi Adichie,,"Adichie, Chimamanda Ngozi",,,
purple-hibiscus-adichie,Purple Hibiscus,Chimamanda Ngozi Adichie,,"Adichie, Chimamanda Ngozi",,,
things-fall-apart-achebe,Things Fall Apart,Chinua Achebe,,"Achebe, Chinua",,,
god-of-small-things-roy,The God of Small Things,Arundhati Roy,,"Roy, Arundhati",,,
midnights-children-rushdie,Midnight's Children,Salman Rushdie,,"Rushdie, Salman",,,
satanic-verses-rushdie,The Satanic Verses,Salman Rushdie,,"Rushdie, Salman",,,
interpreter-of-maladies-lahiri,Interpreter of Maladies,Jhumpa Lahiri,,"Lahiri, Jhumpa",,,
namesake-lahiri,The Namesake,Jhumpa Lahiri,,"Lahiri, Jhumpa",,,
reluctant-fundamentalist-hamid,The Reluctant Fundamentalist,Mohsin Hamid,,"Hamid, Mohsin",,,
suitable-boy-seth,A Suitable Boy,Vikram Seth,,"Seth, Vikram",,,
shantaram-roberts,Shantaram,Gregory David Roberts,,"Roberts, Gregory David",,,
shadow-of-the-wind-zafon,The Shadow of the Wind,Carlos Ruiz Zafon,,"Zafon, Carlos Ruiz",,,
blindness-saramago,Blindness,Jose Saramago,,"Saramago, Jose",,,
unbearable-lightness-of-be-kundera,The Unbearable Lightness of Being,Milan Kundera,,"Kundera, Milan",,,
perfume-suskind,Perfume,Patrick Suskind,,"Suskind, Patrick",,,
reader-schlink,The Reader,Bernhard Schlink,,"Schlink, Bernhard",,,
all-the-light-we-cannot-se-doerr,All the Light We Cannot See,Anthony Doerr,,"Doerr, Anthony",,,
tattooist-of-auschwitz-morris,The Tattooist of Auschwitz,Heather Morris,,"Morris, Heather",,,
boy-in-the-striped-pyjamas-boyne,The Boy in the Striped Pyjamas,John Boyne,,"Boyne, John",,,
sarahs-key-rosnay,Sarah's Key,Tatiana de Rosnay,,"Rosnay, Tatiana de",,,
guernsey-literary-and-pota-shaffer,The Guernsey Literary and Potato Peel Pie Society,Mary Ann Shaffer,,"Shaffer, Mary Ann",,,
lessons-in-chemistry-garmus,Lessons in Chemistry,Bonnie Garmus,,"Garmus, Bonnie",,,
tomorrow-and-tomorrow-and-zevin,"Tomorrow, and Tomorrow, and Tomorrow",Gabrielle Zevin,,"Zevin, Gabrielle",,,
pachinko-lee,Pachinko,Min Jin Lee,,"Lee, Min Jin",,,
vanishing-half-bennett,The Vanishing Half,Brit Bennett,,"Bennett, Brit",,,
american-marriage-jones,An American Marriage,Tayari Jones,,"Jones, Tayari",,,
homegoing-gyasi,Homegoing,Yaa Gyasi,,"Gyasi, Yaa",,,
underground-railroad-whitehead,The Underground Railroad,Colson Whitehead,,"Whitehead, Colson",,,
nickel-boys-whitehead,The Nickel Boys,Colson Whitehead,,"Whitehead, Colson",,,
cry-the-beloved-country-paton,"Cry, the Beloved Country",Alan Paton,,"Paton, Alan",,,
thousand-acres-smiley,A Thousand Acres,Jane Smiley,,"Smiley, Jane",,,
road-home-tremain,The Road Home,Rose Tremain,,"Tremain, Rose",,,
life-of-pi-illustrated-martel,Life of Pi Illustrated,Yann Martel,,"Martel, Yann",,,
beatrice-and-virgil-martel,Beatrice and Virgil,Yann Martel,,"Martel, Yann",,,
cider-house-rules-irving,The Cider House Rules,John Irving,,"Irving, John",,,
prayer-for-owen-meany-irving,A Prayer for Owen Meany,John Irving,,"Irving, John",,,
world-according-to-garp-irving,The World According to Garp,John Irving,,"Irving, John",,,
hotel-new-hampshire-irving,The Hotel New Hampshire,John Irving,,"Irving, John",,,
empire-falls-russo,Empire Falls,Richard Russo,,"Russo, Richard",,,
olive-kitteridge-strout,Olive Kitteridge,Elizabeth Strout,,"Strout, Elizabeth",,,
my-name-is-lucy-barton-strout,My Name Is Lucy Barton,Elizabeth Strout,,"Strout, Elizabeth",,,
whered-you-go-bernadette-semple,"Where'd You Go, Bernadette",Maria Semple,,"Semple, Maria",,,
dutch-house-patchett,The Dutch House,Ann Patchett,,"Patchett, Ann",,,
bel-canto-patchett,Bel Canto,Ann Patchett,,"Patchett, Ann",,,
commonwealth-patchett,Commonwealth,Ann Patchett,,"Patchett, Ann",,,
room-at-the-top-braine,Room at the Top,John Braine,,"Braine, John",,,
atonement-mcewan,Atonement,Ian McEwan,,"McEwan, Ian",,,
saturday-mcewan,Saturday,Ian McEwan,,"McEwan, Ian",,,
amsterdam-mcewan,Amsterdam,Ian McEwan,,"McEwan, Ian",,,
never-look-away-barclay,Never Look Away,Linwood Barclay,,"Barclay, Linwood",,,
no-time-for-goodbye-barclay,No Time for Goodbye,Linwood Barclay,,"Barclay, Linwood",,,
accident-barclay,The Accident,Linwood Barclay,,"Barclay, Linwood",,,
tipping-point-gladwell,The Tipping Point,Malcolm Gladwell,,"Gladwell, Malcolm",,,
blink-gladwell,Blink,Malcolm Gladwell,,"Gladwell, Malcolm",,,
outliers-gladwell,Outliers,Malcolm Gladwell,,"Gladwell, Malcolm",,,
david-and-goliath-gladwell,David and Goliath,Malcolm Gladwell,,"Gladwell, Malcolm",,,
talking-to-strangers-gladwell,Talking to Strangers,Malcolm Gladwell,,"Gladwell, Malcolm",,,
what-the-dog-saw-gladwell,What the Dog Saw,Malcolm Gladwell,,"Gladwell, Malcolm",,,
12-rules-for-life-peterson,12 Rules for Life,Jordan B. Peterson,Twelve Rules for Life|12 Rules for Life: An Antidote to Chaos,"Peterson, Jordan B.",,,
beyond-order-peterson,Beyond Order,Jordan B. Peterson,,"Peterson, Jordan B.",,,
no-logo-klein,No Logo,Naomi Klein,,"Klein, Naomi",,,
shock-doctrine-klein,The Shock Doctrine,Naomi Klein,,"Klein, Naomi",,,
this-changes-everything-klein,This Changes Everything,Naomi Klein,,"Klein, Naomi",,,
astronauts-guide-to-life-o-hadfield,An Astronaut's Guide to Life on Earth,Chris Hadfield,Astronaut's Guide to Life on Earth,"Hadfield, Chris",,,
apollo-murders-hadfield,The Apollo Murders,Chris Hadfield,,"Hadfield, Chris",,,
national-dream-berton,The National Dream,Pierre Berton,,"Berton, Pierre",,,
last-spike-berton,The Last Spike,Pierre Berton,,"Berton, Pierre",,,
vimy-berton,Vimy,Pierre Berton,,"Berton, Pierre",,,
never-cry-wolf-mowat,Never Cry Wolf,Farley Mowat,,"Mowat, Farley",,,
lost-in-the-barrens-mowat,Lost in the Barrens,Farley Mowat,,"Mowat, Farley",,,
boat-who-wouldnt-float-mowat,The Boat Who Wouldn't Float,Farley Mowat,,"Mowat, Farley",,,
short-history-of-progress-wright,A Short History of Progress,Ronald Wright,,"Wright, Ronald",,,
guns-germs-and-steel-diamond,"Guns, Germs, and Steel",Jared Diamond,,"Diamond, Jared",,,
collapse-diamond,Collapse,Jared Diamond,,"Diamond, Jared",,,
brief-history-of-time-hawking,A Brief History of Time,Stephen Hawking,,"Hawking, Stephen",,,
universe-in-a-nutshell-hawking,The Universe in a Nutshell,Stephen Hawking,,"Hawking, Stephen",,,
cosmos-sagan,Cosmos,Carl Sagan,,"Sagan, Carl",,,
demon-haunted-world-sagan,The Demon-Haunted World,Carl Sagan,,"Sagan, Carl",,,
selfish-gene-dawkins,The Selfish Gene,Richard Dawkins,,"Dawkins, Richard",,,
god-delusion-dawkins,The God Delusion,Richard Dawkins,,"Dawkins, Richard",,,
immortal-life-of-henrietta-skloot,The Immortal Life of Henrietta Lacks,Rebecca Skloot,,"Skloot, Rebecca",,,
bad-science-goldacre,Bad Science,Ben Goldacre,,"Goldacre, Ben",,,
freakonomics-levitt,Freakonomics,Steven D. Levitt,,"Levitt, Steven D.",,,
superfreakonomics-levitt,SuperFreakonomics,Steven D. Levitt,,"Levitt, Steven D.",,,
nudge-thaler,Nudge,Richard H. Thaler,,"Thaler, Richard H.",,,
predictably-irrational-ariely,Predictably Irrational,Dan Ariely,,"Ariely, Dan",,,
black-swan-taleb,The Black Swan,Nassim Nicholas Taleb,,"Taleb, Nassim Nicholas",,,
antifragile-taleb,Antifragile,Nassim Nicholas Taleb,,"Taleb, Nassim Nicholas",,,
good-to-great-collins,Good to Great,Jim Collins,,"Collins, Jim",,,
built-to-last-collins,Built to Last,Jim Collins,,"Collins, Jim",,,
lean-startup-ries,The Lean Startup,Eric Ries,,"Ries, Eric",,,
zero-to-one-thiel,Zero to One,Peter Thiel,,"Thiel, Peter",,,
innovators-dilemma-christense,The Innovator's Dilemma,Clayton M. Christensen,,"Christensen, Clayton M.",,,
start-with-why-sinek,Start with Why,Simon Sinek,,"Sinek, Simon",,,
leaders-eat-last-sinek,Leaders Eat Last,Simon Sinek,,"Sinek, Simon",,,
7-habits-of-highly-effecti-covey,The 7 Habits of Highly Effective People,Stephen R. Covey,,"Covey, Stephen R.",,,
four-agreements-ruiz,The Four Agreements,Don Miguel Ruiz,,"Ruiz, Don Miguel",,,
power-of-now-tolle,The Power of Now,Eckhart Tolle,,"Tolle, Eckhart",,,
new-earth-tolle,A New Earth,Eckhart Tolle,,"Tolle, Eckhart",,,
subtle-art-of-not-giving-a-manson,The Subtle Art of Not Giving a F*ck,Mark Manson,The Subtle Art of Not Giving a Fuck,"Manson, Mark",,,
cant-hurt-me-goggins,Can't Hurt Me,David Goggins,,"Goggins, David",,,
deep-work-newport,Deep Work,Cal Newport,,"Newport, Cal",,,
digital-minimalism-newport,Digital Minimalism,Cal Newport,,"Newport, Cal",,,
grit-duckworth,Grit,Angela Duckworth,,"Duckworth, Angela",,,
mindset-dweck,Mindset,Carol S. Dweck,,"Dweck, Carol S.",,,
quiet-cain,Quiet,Susan Cain,,"Cain, Susan",,,
daring-greatly-brown,Daring Greatly,Brene Brown,,"Brown, Brene",,,
gifts-of-imperfection-brown,The Gifts of Imperfection,Brene Brown,,"Brown, Brene",,,
braving-the-wilderness-brown,Braving the Wilderness,Brene Brown,,"Brown, Brene",,,
body-keeps-the-score-kolk,The Body Keeps the Score,Bessel van der Kolk,,"Kolk, Bessel van der",,,
why-we-sleep-walker,Why We Sleep,Matthew Walker,,"Walker, Matthew",,,
breath-nestor,Breath,James Nestor,,"Nestor, James",,,
how-not-to-die-greger,How Not to Die,Michael Greger,,"Greger, Michael",,,
omnivores-dilemma-pollan,The Omnivore's Dilemma,Michael Pollan,,"Pollan, Michael",,,
in-defense-of-food-pollan,In Defense of Food,Michael Pollan,,"Pollan, Michael",,,
salt-sugar-fat-moss,Salt Sugar Fat,Michael Moss,,"Moss, Michael",,,
kitchen-confidential-bourdain,Kitchen Confidential,Anthony Bourdain,,"Bourdain, Anthony",,,
medium-raw-bourdain,Medium Raw,Anthony Bourdain,,"Bourdain, Anthony",,,
educated-a-memoir-westover,Educated: A Memoir,Tara Westover,,"Westover, Tara",,,
glass-castle-walls,The Glass Castle,Jeannette Walls,,"Walls, Jeannette",,,
wild-strayed,Wild,Cheryl Strayed,,"Strayed, Cheryl",,,
eat-pray-love-gilbert,"Eat, Pray, Love",Elizabeth Gilbert,,"Gilbert, Elizabeth",,,
big-magic-gilbert,Big Magic,Elizabeth Gilbert,,"Gilbert, Elizabeth",,,
bossypants-fey,Bossypants,Tina Fey,,"Fey, Tina",,,
yes-please-poehler,Yes Please,Amy Poehler,,"Poehler, Amy",,,
is-everyone-hanging-out-wi-kaling,Is Everyone Hanging Out Without Me?,Mindy Kaling,,"Kaling, Mindy",,,
talking-as-fast-as-i-can-graham,Talking as Fast as I Can,Lauren Graham,,"Graham, Lauren",,,
open-agassi,Open,Andre Agassi,,"Agassi, Andre",,,
game-dryden,The Game,Ken Dryden,,"Dryden, Ken",,,
searching-for-bobby-orr-brunt,Searching for Bobby Orr,Stephen Brunt,,"Brunt, Stephen",,,
gretzky-an-autobiography-gretzky,Gretzky: An Autobiography,Wayne Gretzky,,"Gretzky, Wayne",,,
hockey-night-in-canada-young,Hockey Night in Canada,Scott Young,,"Young, Scott",,,
life-richards,Life,Keith Richards,,"Richards, Keith",,,
chronicles-volume-one-dylan,Chronicles: Volume One,Bob Dylan,,"Dylan, Bob",,,
just-kids-smith,Just Kids,Patti Smith,,"Smith, Patti",,,
born-standing-up-martin,Born Standing Up,Steve Martin,,"Martin, Steve",,,
promised-land-obama,A Promised Land,Barack Obama,,"Obama, Barack",,,
dreams-from-my-father-obama,Dreams from My Father,Barack Obama,,"Obama, Barack",,,
audacity-of-hope-obama,The Audacity of Hope,Barack Obama,,"Obama, Barack",,,
spare-harry,Spare,Prince Harry,,"Harry, Prince",,,
greenlights-mcconaughe,Greenlights,Matthew McConaughey,,"McConaughey, Matthew",,,
long-walk-to-freedom-mandela,Long Walk to Freedom,Nelson Mandela,,"Mandela, Nelson",,,
team-of-rivals-goodwin,Team of Rivals,Doris Kearns Goodwin,,"Goodwin, Doris Kearns",,,
wright-brothers-mccullough,The Wright Brothers,David McCullough,,"McCullough, David",,,
1776-mccullough,1776,David McCullough,,"McCullough, David",,,
unbroken-hillenbran,Unbroken,Laura Hillenbrand,,"Hillenbrand, Laura",,,
seabiscuit-hillenbran,Seabiscuit,Laura Hillenbrand,,"Hillenbrand, Laura",,,
in-cold-blood-capote,In Cold Blood,Truman Capote,,"Capote, Truman",,,
devil-in-the-white-city-larson,The Devil in the White City,Erik Larson,,"Larson, Erik",,,
dead-wake-larson,Dead Wake,Erik Larson,,"Larson, Erik",,,
endurance-lansing,Endurance,Alfred Lansing,,"Lansing, Alfred",,,
into-thin-air-krakauer,Into Thin Air,Jon Krakauer,,"Krakauer, Jon",,,
into-the-wild-krakauer,Into the Wild,Jon Krakauer,,"Krakauer, Jon",,,
love-you-forever-munsch,Love You Forever,Robert Munsch,,"Munsch, Robert",,,
paper-bag-princess-munsch,The Paper Bag Princess,Robert Munsch,,"Munsch, Robert",,,
mortimer-munsch,Mortimer,Robert Munsch,,"Munsch, Robert",,,
thomas-snowsuit-munsch,Thomas' Snowsuit,Robert Munsch,,"Munsch, Robert",,,
silverwing-oppel,Silverwing,Kenneth Oppel,,"Oppel, Kenneth",,,
airborn-oppel,Airborn,Kenneth Oppel,,"Oppel, Kenneth",,,
nest-oppel,The Nest,Kenneth Oppel,,"Oppel, Kenneth",,,
restart-korman,Restart,Gordon Korman,,"Korman, Gordon",,,
ungifted-korman,Ungifted,Gordon Korman,,"Korman, Gordon",,,
hatchet-paulsen,The Hatchet,Gary Paulsen,Hatchet,"Paulsen, Gary",,,
bridge-to-terabithia-paterson,Bridge to Terabithia,Katherine Paterson,,"Paterson, Katherine",,,
holes-sachar,Holes,Louis Sachar,,"Sachar, Louis",,,
wonder-palacio,Wonder,R.J. Palacio,,"Palacio, R.J.",,,
outsiders-hinton,The Outsiders,S.E. Hinton,,"Hinton, S.E.",,,
number-the-stars-lowry,Number the Stars,Lois Lowry,,"Lowry, Lois",,,
matilda-dahl,Matilda,Roald Dahl,,"Dahl, Roald",,,
charlie-and-the-chocolate-dahl,Charlie and the Chocolate Factory,Roald Dahl,,"Dahl, Roald",,,
bfg-dahl,The BFG,Roald Dahl,,"Dahl, Roald",,,
james-and-the-giant-peach-dahl,James and the Giant Peach,Roald Dahl,,"Dahl, Roald",,,
fantastic-mr-fox-dahl,Fantastic Mr Fox,Roald Dahl,,"Dahl, Roald",,,
witches-dahl,The Witches,Roald Dahl,,"Dahl, Roald",,,
cat-in-the-hat-seuss,The Cat in the Hat,Dr. Seuss,,"Seuss, Dr.",,,
green-eggs-and-ham-seuss,Green Eggs and Ham,Dr. Seuss,,"Seuss, Dr.",,,
oh-the-places-youll-go-seuss,"Oh, the Places You'll Go!",Dr. Seuss,,"Seuss, Dr.",,,
how-the-grinch-stole-chris-seuss,How the Grinch Stole Christmas!,Dr. Seuss,,"Seuss, Dr.",,,
goodnight-moon-brown,Goodnight Moon,Margaret Wise Brown,,"Brown, Margaret Wise",,,
where-the-wild-things-are-sendak,Where the Wild Things Are,Maurice Sendak,,"Sendak, Maurice",,,
giving-tree-silverstei,The Giving Tree,Shel Silverstein,,"Silverstein, Shel",,,
where-the-sidewalk-ends-silverstei,Where the Sidewalk Ends,Shel Silverstein,,"Silverstein, Shel",,,
guess-how-much-i-love-you-mcbratney,Guess How Much I Love You,Sam McBratney,,"McBratney, Sam",,,
winnie-the-pooh-milne,Winnie-the-Pooh,A.A. Milne,Winnie the Pooh,"Milne, A.A.",,,
tale-of-peter-rabbit-potter,The Tale of Peter Rabbit,Beatrix Potter,,"Potter, Beatrix",,,
secret-garden-burnett,The Secret Garden,Frances Hodgson Burnett,,"Burnett, Frances Hodgson",,,
little-princess-burnett,A Little Princess,Frances Hodgson Burnett,,"Burnett, Frances Hodgson",,,
black-beauty-sewell,Black Beauty,Anna Sewell,,"Sewell, Anna",,,
treasure-island-stevenson,Treasure Island,Robert Louis Stevenson,,"Stevenson, Robert Louis",,,
strange-case-of-dr-jekyll-stevenson,The Strange Case of Dr Jekyll and Mr Hyde,Robert Louis Stevenson,Dr Jekyll and Mr Hyde|The Strange Case of Doctor Jekyll and Mister Hyde,"Stevenson, Robert Louis",,,
around-the-world-in-eighty-verne,Around the World in Eighty Days,Jules Verne,Around the World in 80 Days,"Verne, Jules",,,
twenty-thousand-leagues-un-verne,Twenty Thousand Leagues Under the Sea,Jules Verne,"20,000 Leagues Under the Sea","Verne, Jules",,,
journey-to-the-center-of-t-verne,Journey to the Center of the Earth,Jules Verne,,"Verne, Jules",,,
time-machine-wells,The Time Machine,H.G. Wells,,"Wells, H.G.",,,
war-of-the-worlds-wells,The War of the Worlds,H.G. Wells,,"Wells, H.G.",,,
invisible-man-wells,The Invisible Man,H.G. Wells,,"Wells, H.G.",,,
robinson-crusoe-defoe,Robinson Crusoe,Daniel Defoe,,"Defoe, Daniel",,,
gullivers-travels-swift,Gulliver's Travels,Jonathan Swift,,"Swift, Jonathan",,,
don-quixote-cervantes,Don Quixote,Miguel de Cervantes,,"Cervantes, Miguel de",,,
three-musketeers-dumas,The Three Musketeers,Alexandre Dumas,,"Dumas, Alexandre",,,
les-miserables-hugo,Les Miserables,Victor Hugo,Les Misérables,"Hugo, Victor",,,
hunchback-of-notre-dame-hugo,The Hunchback of Notre-Dame,Victor Hugo,,"Hugo, Victor",,,
madame-bovary-flaubert,Madame Bovary,Gustave Flaubert,,"Flaubert, Gustave",,,
odyssey-homer,The Odyssey,Homer,,,,,
iliad-homer,The Iliad,Homer,,,,,
divine-comedy-alighieri,The Divine Comedy,Dante Alighieri,,"Alighieri, Dante",,,
hamlet-shakespear,Hamlet,William Shakespeare,,"Shakespeare, William",,,
macbeth-shakespear,Macbeth,William Shakespeare,,"Shakespeare, William",,,
romeo-and-juliet-shakespear,Romeo and Juliet,William Shakespeare,,"Shakespeare, William",,,
king-lear-shakespear,King Lear,William Shakespeare,,"Shakespeare, William",,,
midsummer-nights-dream-shakespear,A Midsummer Night's Dream,William Shakespeare,,"Shakespeare, William",,,
complete-works-of-william-shakespear,The Complete Works of William Shakespeare,William Shakespeare,,"Shakespeare, William",,,
art-of-war-tzu,The Art of War,Sun Tzu,,"Tzu, Sun",,,
prince-machiavell,The Prince,Niccolo Machiavelli,,"Machiavelli, Niccolo",,,
meditations-aurelius,Meditations,Marcus Aurelius,,"Aurelius, Marcus",,,
republic-plato,The Republic,Plato,,,,,
walden-thoreau,Walden,Henry David Thoreau,,"Thoreau, Henry David",,,
moby-dick-melville,Moby-Dick,Herman Melville,"Moby Dick|Moby Dick; or, The Whale","Melville, Herman",,,
old-man-and-the-sea-hemingway,The Old Man and the Sea,Ernest Hemingway,,"Hemingway, Ernest",,,
for-whom-the-bell-tolls-hemingway,For Whom the Bell Tolls,Ernest Hemingway,,"Hemingway, Ernest",,,
farewell-to-arms-hemingway,A Farewell to Arms,Ernest Hemingway,,"Hemingway, Ernest",,,
sun-also-rises-hemingway,The Sun Also Rises,Ernest Hemingway,,"Hemingway, Ernest",,,
east-of-eden-steinbeck,East of Eden,John Steinbeck,,"Steinbeck, John",,,
cannery-row-steinbeck,Cannery Row,John Steinbeck,,"Steinbeck, John",,,
pearl-steinbeck,The Pearl,John Steinbeck,,"Steinbeck, John",,,
oliver-twist-dickens,Oliver Twist,Charles Dickens,,"Dickens, Charles",,,
david-copperfield-dickens,David Copperfield,Charles Dickens,,"Dickens, Charles",,,
christmas-carol-dickens,A Christmas Carol,Charles Dickens,,"Dickens, Charles",,,
bleak-house-dickens,Bleak House,Charles Dickens,,"Dickens, Charles",,,
middlemarch-eliot,Middlemarch,George Eliot,,"Eliot, George",,,
silas-marner-eliot,Silas Marner,George Eliot,,"Eliot, George",,,
tess-of-the-durbervilles-hardy,Tess of the d'Urbervilles,Thomas Hardy,,"Hardy, Thomas",,,
far-from-the-madding-crowd-hardy,Far from the Madding Crowd,Thomas Hardy,,"Hardy, Thomas",,,
northanger-abbey-austen,Northanger Abbey,Jane Austen,,"Austen, Jane",,,
mansfield-park-austen,Mansfield Park,Jane Austen,,"Austen, Jane",,,
age-of-innocence-wharton,The Age of Innocence,Edith Wharton,,"Wharton, Edith",,,
awakening-chopin,The Awakening,Kate Chopin,,"Chopin, Kate",,,
their-eyes-were-watching-g-hurston,Their Eyes Were Watching God,Zora Neale Hurston,,"Hurston, Zora Neale",,,
invisible-man-ellison,Invisible Man,Ralph Ellison,,"Ellison, Ralph",,,
native-son-wright,Native Son,Richard Wright,,"Wright, Richard",,,
colour-purple-walker,The Colour Purple,Alice Walker,The Color Purple,"Walker, Alice",,,
i-know-why-the-caged-bird-angelou,I Know Why the Caged Bird Sings,Maya Angelou,,"Angelou, Maya",,,
on-the-road-kerouac,On the Road,Jack Kerouac,,"Kerouac, Jack",,,
naked-lunch-burroughs,Naked Lunch,William S. Burroughs,,"Burroughs, William S.",,,
one-flew-over-the-cuckoos-kesey,One Flew Over the Cuckoo's Nest,Ken Kesey,,"Kesey, Ken",,,
catch-22-heller,Catch-22,Joseph Heller,Catch 22,"Heller, Joseph",,,
clockwork-orange-burgess,A Clockwork Orange,Anthony Burgess,,"Burgess, Anthony",,,
rich-dad-poor-dad-kiyosaki,Rich Dad Poor Dad,Robert T. Kiyosaki,,"Kiyosaki, Robert T.",,,
wealthy-barber-chilton,The Wealthy Barber,David Chilton,,"Chilton, David",,,
millionaire-next-door-stanley,The Millionaire Next Door,Thomas J. Stanley,,"Stanley, Thomas J.",,,
intelligent-investor-graham,The Intelligent Investor,Benjamin Graham,,"Graham, Benjamin",,,
joy-of-cooking-rombauer,Joy of Cooking,Irma S. Rombauer,,"Rombauer, Irma S.",,,
silver-palate-cookbook-rosso,The Silver Palate Cookbook,Julee Rosso,,"Rosso, Julee",,,
oh-she-glows-every-day-liddon,Oh She Glows Every Day,Angela Liddon,,"Liddon, Angela",,,
